,ID,True density (gcm-3),SA (m2g-1),H/C,Temp (C),True density (kgm-3),Hold time (min),Yield (%),Moisture (%),Ash (%),C (%),H (%),N (%),O (%),O/C,NMR aromaticity (%),NMR delta (ppm),VM (%),FC (%),Porosity (%),pH
0,tintner70,1.421192053,0,1.57622669,70,1421.192053,240,,,,48.62275449,6.386706949,,,,,,,,,
1,tintner70,1.405298013,0,1.541596677,70,1405.298013,240,,,,47.90419162,6.15407855,,,,,,,,,
2,G100,,1.8,1.81,100,,60,99.9,,6.9,48.6,7.25,0.64,44.1,0.69,,,69.6,23.5,,
3,W100,,1.6,1.59,100,,60,99.8,,1.2,50.6,6.68,0.05,42.7,0.63,,,77.1,21.7,,
4,Pine Wood,1.4615,,1.59,100,1461.5,60,,,,,,,,0.63,22,-0.1,,,,
5,"Ponderosa pine shavings1-Keiluweit et al., Env Sci & Technol 44, 4 (2010) 1247-1253",,1.6,1.584189723,100,,,,,1.2,50.6,6.68,0.05,42.7,0.632905138,,,77.1,21.7,,
6,G200,,3.3,1.81,200,,60,96.9,,5.7,47.2,7.11,0.61,45.1,0.72,,,70.7,23.6,,
7,"HW 200-Chen, C.-P et al., Geoderma 232-234 (2014) 581-588.",,,,200,,,,,11,,4.4,4.3,32.5,,,,,,,5.5
8,"FC 200-Fang, Q et al., Environmental Science & Technology 48, 1 (2013) 279-288.",,15.82,1.437512458,200,,,,,0.61,50.17,6.01,0.55,43.27,0.646850708,,,,,,8
9,"HM200-Harvey et al., Environ. Sci. Technol. 45,13 (2011) 5550-5556",,0.58,1.525423729,200,,,,,,47.2,6,1.29,39.3,0.624470339,,,,,,
10,Pine Wood,1.4607,,1.64,200,1460.7,60,,,,,,,,0.62,27,-0.3,,,,
11,"Ponderosa pine shavings2-Keiluweit et al., Env Sci & Technol 44, 4 (2010) 1247-1253",,2.3,1.638506876,200,,,,,1.5,50.9,6.95,0.04,42.2,0.621807466,,,77.1,21.4,,
12,W200,,2.3,1.64,200,,60,95.9,,1.5,50.9,6.95,0.04,42.2,0.62,,,77.1,21.4,,
13,"PW 200-Li, J et al., Plant and Soil 370, 1-2 (2013) 333-344.",,,1.176744186,200,,,,,2.23,51.6,5.06,0.95,36.2,0.526162791,,,,,,
14,"PI200-Harvey et al., Environ. Sci. Technol. 45,13 (2011) 5550-5556",,0.8,1.436293436,200,,,,,,51.8,6.2,0.27,39.6,0.573359073,,,,,,
15,Chestnut Wood,1.5101,,1.32,200,1510.1,300,,,,,,,,0.66,12,0.3,,,,
16,"Loblolly Pine 250-Zimmerman, Environ. Sci. Technol. 44 (2010) 1295-1301",,139.7,,250,,,,,0.3,,,,38.2,,,,61.1,38.6,,
17,Chestnut Wood,1.5043,,1.16,250,1504.3,300,,,,,,,,0.55,23,0,,,,
18,RG250,,,,250,,120,,,1,53.4,,,,,41,0.3,,,,
19,"Bubinga 250-Zimmerman, Environ. Sci. Technol. 44 (2010) 1295-1301",,5.4,,250,,,,,0.9,,,,34.9,,,,66.4,32.7,,
20,P250,,,,250,,60,,,5.3,49.4,,,,,32,0.1,,,,
21,"Eastern Red Cedar 250-Zimmerman, Environ. Sci. Technol. 44 (2010) 1295-1301",,68.1,,250,,,,,0.9,,,,31.4,,,,62.6,36.5,,
22,"Laurel Oak 250-Zimmerman, Environ. Sci. Technol. 44 (2010) 1295-1301",,1.8,,250,,,,,1.4,,,,41.5,,,,66,32.6,,
23,Chestnut Wood,1.4728,,0.79,275,1472.8,300,,,,,,,,0.55,57,0.1,,,,
24,"Pine300-Hale, L., et al. Soil Biology and Biochemistry 81 (2015) 228-235.",,9.6,,300,,,,,,71.9,,0.25,,,,,,,,4.63
25,Chestnut Wood,1.4685,,0.69,300,1468.5,300,,,,,,,,0.37,71,0.5,,,,
26,"HM300-Harvey et al., Environ. Sci. Technol. 45,13 (2011) 5550-5556",,1.28,0.90821256,300,,,,,,62.1,4.7,1.6,22.2,0.268115942,,,,,,
27,"Palm300-Hale, L., et al. Soil Biology and Biochemistry 81 (2015) 228-235.",,3.1,,300,,,,,,59.22,,1.33,,,,,,,,6.47
28,Pine Wood,1.4458,,1.42,300,1445.8,60,,,,,,,,0.53,32,0,,,,
29,"FC 300-Fang, Q et al., Environmental Science & Technology 48, 1 (2013) 279-288.",,15.01,0.694765262,300,,,,,1.43,66.67,3.86,0.26,29.2,0.328483576,,,,,,9
30,"Pine 300 60 min Residence Time-Ronsse et al., GCB Bioenergy 5 (2013) 104-115",,6,0.791023843,300,,,,,0.5,71.3,4.7,,,,,,42.6,56.9,,5.7
31,"PI300-Harvey et al., Environ. Sci. Technol. 45,13 (2011) 5550-5556",,1.13,0.978056426,300,,,,,,63.8,5.2,0.3,28.3,0.332680251,,,,,,
32,"Pine 300 10 min Residence Time-Ronsse et al., GCB Bioenergy 5 (2013) 104-115",,,1.308687616,300,,,,,0.3,54.1,5.9,,,,,,78,21.7,,4.5
33,G300,,4.5,1.34,300,,60,75.8,,9.4,59.7,6.64,1.02,32.7,0.41,,,54.4,36.2,,
34,W300,,3,1.42,300,,60,62.2,,1.5,54.8,6.5,0.05,38.7,0.53,,,70.3,28.2,,
35,Pinus halepensis 300-Cordero et al. Fuels 80 (2001) 1567-1571.,,,1.038062284,300,,,,,0.6,57.8,5,0.2,36.5,0.473615917,,,68.1,31.3,,
36,"HW 300-Chen, C.-P et al., Geoderma 232-234 (2014) 581-588.",,,,300,,,,,15,,2.8,4.1,19.4,,,,,,,7.1
37,"Ponderosa pine shavings3-Keiluweit et al., Env Sci & Technol 44, 4 (2010) 1247-1253",,3,1.423357664,300,,,,,1.5,54.8,6.5,0.05,38.7,0.529653285,,,70.3,28.2,,
38,"PP 300-Kim et al., Bioresource Technology 118 (2012) 158-162",,2.9,1.014084507,300,,,,,4.5,63.9,5.4,0.3,30.4,0.356807512,,,,,,
39,"Oak 300-Enders et al., Bioresource Technology 114 (2012) 644-653.",,,0.901408451,300,,,,,0.3,63.9,4.8,0.1,30.8,0.361502347,,,61.1,38.6,,4.2
40,"HW 300-Sun, Y et al., Chemical Engineering Journal 240 (2014) 574-578. ",,,0.841892087,300,,,,,,69.13,4.85,0.39,24.36,0.264284681,,,,,,7.1
41,solar300,1.321,144,1.6,300,1321,,,4.8,1.8,76,10.1,0.2,13.7,0.135197368,,,47.6,45.9,65.93,
42,tintner300,1.397350993,0,1.127801471,300,1397.350993,240,,,,57.60479042,5.413897281,,,,,,,,,
43,tintner300,1.417218543,0,1.207180682,300,1417.218543,240,,,,58.86227545,5.921450151,,,,,,,,,
44,"Pine 300-Enders et al., Bioresource Technology 114 (2012) 644-653.",,,0.875,300,,,,,1.5,67.2,4.9,0.1,31.5,0.3515625,,,55.3,43.2,,6.7
45,Quercus rotundifolia 300-Cordero et al. Fuels 80 (2001) 1567-1571.,,,1.020408163,300,,,,,1.5,58.8,5,0.3,34.5,0.44005102,,,65.1,33.4,,
46,"DPBC300-Usman, A.R.A., et al. Journal of Analytical and Applied Pyrolysis 115 (2015) 392-400.",,,0.844283497,300,,,,3.29,14.42,57.99,4.08,0.54,20.82,0.269270564,,,40.08,45.5,,8.32
47,S Wood 300,1.337433155,,0.89,300,1337.433155,240,62,3,2.9,58.1,4.3,0.5,34.3,0.44,,,,,,
48,"Pine 300-Huff, M. D et al., Journal of Environmental Management 146 (2014) 303-308.",,,0.60833221,300,,,,,4.93,74.17,3.76,,14.54,0.1470271,,,27.89,67.18,,
49,10,,,,300,1381,15,56.7,2,0.12,,,,,,,,56.6,43.3,,
50,"PW 350-Alburquerque, J. A et al., Environmental Pollution 196 (2015) 72-77.",,254,,350,,,,,1.36,,,0.34,,,,,,,,7.22
51,CH350,,,0.78,350,,30,43.5,,12.9,60.5,3.92,,19.5,0.24,,,34.6,52.5,,
52,"PI350-Harvey et al., Environ. Sci. Technol. 45,13 (2011) 5550-5556",,2.03,0.755490483,350,,,,,,68.3,4.3,0.4,23.6,0.259150805,,,,,,
54,"HM350-Harvey et al., Environ. Sci. Technol. 45,13 (2011) 5550-5556",,1.82,0.793700787,350,,,,,,63.5,4.2,1.7,20.6,0.243307087,,,,,,
55,SG350,,,0.68,350,,30,37.5,,1.9,74.7,4.26,,17.9,0.18,,,35,63,,
56,PB350,,,0.66,350,,30,59.6,,8.3,67.6,3.73,,28.7,0.32,,,38.5,53.2,,
57,"PC 350-Hall, K. E et al., Water, Air, & Soil Pollution 225, 7 (2014) 1-9.",,,0.742755465,350,,,,,1.79,78.68,4.87,0.37,,,,,40.41,57.8,,7.1
58,"PW 350-Alburquerque, J.A., et al. Journal of Cleaner Production 120 (2016) 191-197.",,254,,350,,,,3.88,1.36,,,0.3389,,,,,30.16,68.48,,7.2
59,"PW 350-Li, J et al., Plant and Soil 370, 1-2 (2013) 333-344.",,4.03,,350,,,,,3.85,,1.67,1.84,16.5,,,,,,,
60,"PW 350-Liu, Z et al., Bioresource Technology 146 (2013) 371-378.",,,0.734210526,350,,,,,2.23,76,4.65,1.4,17.61,0.173782895,,,34.31,63.46,,
61,"SD-Konsolakis, M., et al. Royal Society of Chemistry 5 (2015) 73399‚Äì73409.",,2.6,0.398734177,350,,,,,1.7,63.2,2.1,0.32,,,,,42.9,55.4,,4.5
62,"PC 350, 100-Crombie, K et al., GCB Bioenergy (2014).",,,,350,,,,,3.4,,,,,,,,,,,
63,"PC 350-Crombie, K et al., GCB Bioenergy (2014).",,,,350,,,,,1.4,,,,,,,,,,,
64,"Pine 350-Enders et al., Bioresource Technology 114 (2012) 644-653.",,,0.746817539,350,,,,,0.6,70.7,4.4,0.1,25.2,0.267326733,,,56.3,43.1,,
65,S Grass 350,1.380748663,1.398601399,0.67,350,1380.748663,240,40.8,3,4.9,66.9,3.8,0.7,23.8,0.27,,,,,,
66,"WP 350 10, 0-Crombie, K et al., GCB Bioenergy (2014).",,,0.802377415,350,,,,,0.8,67.3,4.5,0,27.5,0.306463596,,,50.7,48.5,,
67,Quercus rotundifolia 350-Cordero et al. Fuels 80 (2001) 1567-1571.,,,0.523117569,350,,,,,1.3,75.7,3.3,0.6,19.1,0.189233818,,,43.4,55.3,,
68,"WP 350 20, 0-Crombie, K et al., GCB Bioenergy (2014).",,,1.001574803,350,,,,,1.2,63.5,5.3,0.1,30,0.354330709,,,48,50.8,,
69,"WP 350 40, 0-Crombie, K et al., GCB Bioenergy (2014).",,,0.807017544,350,,,,,1.2,68.4,4.6,0,30,0.328947368,,,44.2,54.6,,
70,"WP 350 10, 0.33-Crombie, K et al., GCB Bioenergy (2014).",,,0.756302521,350,,,,,1.4,71.4,4.5,0,22.7,0.238445378,,,40.7,57.9,,
71,"WP 350 20, 0.33-Crombie, K et al., GCB Bioenergy (2014).",,,0.934844193,350,,,,,1.2,70.6,5.5,0.1,22.6,0.240084986,,,42.4,56.4,,
72,Pinus halepensis 350-Cordero et al. Fuels 80 (2001) 1567-1571.,,,0.682385576,350,,,,,1.2,72.1,4.1,0.2,22.5,0.234049931,,,49.5,49.3,,
73,S Wood 350,1.385561497,1.398601399,0.65,350,1385.561497,240,50.5,3.7,2.7,70,3.8,0.7,22.8,0.24,,,,,,
74,"Oak 350-Enders et al., Bioresource Technology 114 (2012) 644-653.",,,0.544726302,350,,,,,1.1,74.9,3.4,0.2,20.4,0.204272363,,,60.8,38.1,,
75,"WP 350 40, 0.33-Crombie, K et al., GCB Bioenergy (2014).",,,0.756302521,350,,,,,1.4,71.4,4.5,0,22.7,0.238445378,,,38.4,60.2,,
76,Chestnut Wood,1.4959,,0.52,350,1495.9,300,,,,,,,,0.28,85,0.4,,,,
77,"WP 350 10, 0.66-Crombie, K et al., GCB Bioenergy (2014).",,,0.873038516,350,,,,,1.2,70.1,5.1,0.1,23.4,0.250356633,,,44.1,54.7,,
78,"PC 350-Calvelo Pereira, R et al., Animal Feed Science and Technology 196 (2014) 22-31.",,,,350,,,,,4,67.1,,0.56,,,,,,,,9.8
79,"Aspidosperma quebracho 'Blanco Schlecht' 350-Spokas,  Carbon Manage. 1 (2010) 289-303.",,2,0.694736842,350,,,,,0.9,76,4.4,1.7,17.9,0.176644737,,,69.5,29.6,,
80,"Aspidosperma australe 350-Spokas,  Carbon Manage. 1 (2010) 289-303.",,2,0.697297297,350,,,,,1.9,74,4.3,1.2,20.5,0.20777027,,,66.8,31.3,,
81,"TK biochar-Butnan, S., et al. Geoderma 237-238 (2015) 105-116.",,,,350,,,,,2.35,61.86,,,,,,,35.79,61.86,,6.52
82,ES350,,,0.65,350,,30,42.5,,0.9,70.4,3.81,,24,0.26,,,36.9,62.2,,
83,"Eucalyptus 350-Fungo, B et al., Journal of Plant Nutrition and Soil Science 177 (2014) 34-38.",,,0.686736215,350,,,,,1.7,67.1,3.84,0.23,27.1,0.30290611,,,35.1,63.2,,7.5
84,"WP 350 20, 0.66-Crombie, K et al., GCB Bioenergy (2014).",,,0.785340314,350,,,,,1.3,76.4,5,0.1,17.2,0.168848168,,,44.1,54.6,,
85,"WP 350 40, 0.66-Crombie, K et al., GCB Bioenergy (2014).",,,1.050445104,350,,,,,1.5,67.4,5.9,0.1,25.2,0.28041543,,,42.6,55.9,,
86,"Pine 350-5-Crombie et al., GCB Bioenergy 5 (2013) 122-131 ",,,0.653072947,350,,,,,1.4,69.64,3.79,0,26.58,0.286257898,,,50.8,47.8,,
87,"Pine 350-100-Crombie et al., GCB Bioenergy 5 (2013) 122-131",,,0.835282514,350,,,,,3.4,70.97,4.94,1.37,22.73,0.24020713,,,38.7,57.9,,
88,"DF 370 -Fulton, W et al., Agronamy for Sustainable Development 33, 3 (2013) 469-474.",,,,370,,,,,2.3,,,,,,,,,,,
89,"AS 380-Chia, C. H et al., Journal of Analytical and Applied Pyrolysis 108 (2014) 26-34.",,,0.576,380,,,,,4.5,75,3.6,0.7,20.7,0.207,,,30.7,64.8,,8.81
90,"Cellulose1-Argudo et al., Carbon 36, 7-8 (1998) 1027-1031",,133,0.478197674,400,,,,,0,82.56,3.29,0.08,14.07,0.127816134,,,,,,
91,"WC 400-Kearns, J. P et al.,Water Research 62 (2014) 20-28.",,2.4,0.64651774,400,,,,,2.4,76.1,4.1,0.24,17.1,0.168528252,,,,,,
92,"Pine 400-Enders et al., Bioresource Technology 114 (2012) 644-653.",,,0.581913499,400,,,,,1.1,76.3,3.7,0.1,20.8,0.204456094,,,45.5,53.4,,4.6
93,"OT 400-Jindo, K et al., Biogeosciences Discussions 11, 8 (2014) 11727-11746.",,5.6,0.629608622,400,,,,,,70.52,3.7,0.69,21.47,0.228339478,,,32.06,,,6.43
94,Quercus rotundifolia 400-Cordero et al. Fuels 80 (2001) 1567-1571.,,,0.514954486,400,,,,,1.3,76.9,3.3,0.4,18.2,0.177503251,,,34.5,64.2,,
95,"HW 400-Ameloot, N et al., Soil Biology and Biochemistry 78 (2014) 195-203.",,,,400,,,,,,72.3,,0.172,,,,,,,,
96,"AT 400-Jindo, K et al., Biogeosciences Discussions 11, 8 (2014) 11727-11746.",,11.9,0.706184098,400,,,,,,70.18,4.13,0.76,20.56,0.219720718,,,32.36,,,7.02
97,"OWO 400-Jarvis, J. M et al., Energy & Fuels 28, 10 (2014) 6438-6446.",,,,400,,,,,,87,,0.62,,,,,,,,7.9
98,"MC 400-Jarvis, J. M et al., Energy & Fuels 28, 10 (2014) 6438-6446.",,,,400,,,,,,89,,0.26,,,,,,,,8.1
99,"Pine 400-Huff, M. D et al., Journal of Environmental Management 146 (2014) 303-308.",,,0.395394415,400,,,,,3.99,81.64,2.69,,5.26,0.048321901,,,19.57,76.44,,
100,"HW 400-Chen, C.-P et al., Geoderma 232-234 (2014) 581-588.",,,,400,,,,,19,,1.6,3.5,18.2,,,,,,,9
101,"FC 400-Fang, Q et al., Environmental Science & Technology 48, 1 (2013) 279-288.",,62.12,0.515211379,400,,,,,2.54,75.93,3.26,0.42,20.38,0.201303832,,,,,,9
102,"PC 400-Ameloot, N et al., GCB Bioenergy (2013).",,0.22,0.655014789,400,,,,,1.05,74.38,4.06,0.25,14.59,0.14711616,,,30.23,68.72,,
103,"Pine Chips1-Gaskin et al., ASABE 51, 6 (2008) 2061-2069",,,,400,,,,,,73.9,,0.255,,,,,,,,7.55
104,"Oak 400-Enders et al., Bioresource Technology 114 (2012) 644-653.",,,0.487309645,400,,,,,0.8,78.8,3.2,0.2,17.1,0.162753807,,,40.9,58.3,,4.6
105,Pinus halepensis 400-Cordero et al. Fuels 80 (2001) 1567-1571.,,,0.578313253,400,,,,,1.3,74.7,3.6,0.2,20.3,0.203815261,,,36.5,62.2,,
106,"Ponderosa pine shavings4-Keiluweit et al., Env Sci & Technol 44, 4 (2010) 1247-1253",,28.7,0.801619433,400,,,,,1.4,74.1,4.95,0.06,20.9,0.211538462,,,36.4,62.2,,
107,W400,,28.7,0.8,400,,60,35.3,,1.4,74.1,4.95,0.06,20.9,0.21,,,36.4,62.2,,
108,11,,,,400,1390,15,36.9,2.6,0.41,,,,,,,,26,73.6,,
109,S Grass 400,1.43368984,8.391608392,0.58,400,1433.68984,240,34.9,3.3,5.4,69.8,3.4,0.7,20.8,0.22,,,,,,
110,Chestnut Wood,1.514,,0.46,400,1514,300,,,,,,,,0.24,87,1,,,,
111,"Eucalyptus saligna wood1-Singh et al., Australian J. Soil Research 48 (2010) 516-525",,,,400,,,,,4.2,69.4,,0.21,,,,,,,,7.7
112,"Beech sawdust 400-Spokas,  Carbon Manage. 1 (2010) 289-303.",,,0.414234875,400,,,,,,84.3,2.91,,5.88,0.052313167,,,16.3,,,
113,tintner400,1.393377483,0,0.464757289,400,1393.377483,240,,,,78.08383234,3.024169184,,,,,,,,,
114,tintner400,1.429139073,36.87723868,0.447150535,400,1429.139073,240,,,,77.18562874,2.876132931,,,,,,,,,
115,Pine Wood,1.4193,,0.8,400,1419.3,60,,,,,,,,0.21,69,0.8,,,,
116,"DPBC400-Usman, A.R.A., et al. Journal of Analytical and Applied Pyrolysis 115 (2015) 392-400.",,,0.63526245,400,,,,3.13,16.34,66.87,3.54,0.45,11.44,0.128308659,,,20.25,63.41,,9.25
117,"Bubinga 400-Zimmerman, Environ. Sci. Technol. 44 (2010) 1295-1301",,6.1,,400,,,,,1.8,,,,17.6,,,,41.1,57.1,,
118,S Wood 400,1.380748663,2.097902098,0.58,400,1380.748663,240,43,3.1,3.3,71.9,3.5,0.9,20.5,0.21,,,,,,
119,PO-400,,3,0.667549669,400,,,29.7,,4,75.5,4.2,1,15.2,0.150993377,,,,,,7.2
120,"SD 400-Shan, J et al., Chemosphere 107 (2014) 109-114.",,55.5,2.409574468,400,,,,,,75.2,15.1,0.24,9,0.089760638,,,,,,6.1
121,"Laurel Oak 400-Zimmerman, Environ. Sci. Technol. 44 (2010) 1295-1301",,2.2,,400,,,,,2.6,,,,25.9,,,,51.9,45.5,,
122,"Eucalyptus saligna wood3-Singh et al., Australian J. Soil Research 48 (2010) 516-525",,,,400,,,,,3.2,69.7,,0.21,,,,,,,,6.9
123,"PP 400-Kim et al., Bioresource Technology 118 (2012) 158-162",,4.8,0.916548798,400,,,,,7.9,70.7,5.4,0.4,30.4,0.322489392,,,,,,
124,"Loblolly Pine 400-Zimmerman, Environ. Sci. Technol. 44 (2010) 1295-1301",,2.9,,400,,,,,0.5,,,,25.9,,,,58.6,40.9,,
125,PI-400,,1,0.719687093,400,,,34.9,,3.7,76.7,4.6,0.6,14.5,0.14178618,,,,,,6.9
126,G400,,8.7,0.73,400,,60,37.2,,16.3,77.3,4.7,1.24,16.7,0.16,,,26.8,56.9,,
127,"Eastern Red Cedar 400-Zimmerman, Environ. Sci. Technol. 44 (2010) 1295-1301",,7.2,,400,,,,,0.4,,,,17.9,,,,52,47.6,,
128,WI-400,,3,0.634441088,400,,,37.8,,5.7,66.2,3.5,1.5,23.1,0.261706949,,,,,,7.5
129,"Wood feedstock (410)-Mukome et al., J. Agric. Food Chem. 61, 9 (2013) 2196-2204",,2.82,0.8,410,,,,,2.6,65.7,4.38,0.21,23.52,0.268493151,,,,,,7.1
130,"EW 450-Fang, Y et al., European Journal of Soil Science 65, 1 (2014) 60-71.",,191,,450,,,,,,67.4,,0.52,,,,,,,,8.64
131,"HW 450-Sun, Y et al., Chemical Engineering Journal 240 (2014) 574-578. ",,12.9,0.464960536,450,,,,,,83.62,3.24,0.17,11.46,0.102786415,,,,,,7.9
132,ES450,,,0.52,450,,30,36,,0.7,78.6,3.42,,16.6,0.16,,,28.5,70.8,,
133,S Wood 450,1.427272727,5.594405594,0.49,450,1427.272727,240,39.5,3.6,4.4,74.8,3.1,1,16.7,0.17,,,,,,
134,"PWC 450-Brennan, A et al., Plant and Soil 379, 1-2 (2014) 351-360.",,288,,450,,,,,,83.71,,0.36,,,,,,,,7.52
135,"ES 450-Fang, Y et al., Agriculture, Ecosystems & Environment 191 (2014) 158-167.",,,,450,,,,,3,,,,,,,,,,,8.64
136,"OM 450-Farrell, M et al., Soil Biology and Biochemistry 80 (2015) 79-88.",,,,450,,,,,,56.4,,0.38,,,,,,,,7.23
137,"OT 450-Brennan, A et al., Plant and Soil 379, 1-2 (2014) 351-360.",,265,,450,,,,,,75.52,,1.1,,,,,,,,9.34
138,Pinus halepensis 450-Cordero et al. Fuels 80 (2001) 1567-1571.,,,0.490421456,450,,,,,1.4,78.3,3.2,0.2,16.8,0.16091954,,,27.4,71.2,,
139,Quercus rotundifolia 450-Cordero et al. Fuels 80 (2001) 1567-1571.,,,0.443349754,450,,,,,1.8,81.2,3,0.4,13.6,0.125615764,,,21.8,76.4,,
140,"Oak 450-Enders et al., Bioresource Technology 114 (2012) 644-653.",,,0.423031727,450,,,,,0.6,85.1,3,0.2,11.2,0.098707403,,,44.4,55,,
141,"Pine 450-5-Crombie et al., GCB Bioenergy 5 (2013) 122-131",,,0.402704733,450,,,,,2.9,79.86,2.68,0,17.47,0.16406837,,,34.9,62.2,,
142,"Pine 450-100-Crombie et al., GCB Bioenergy 5 (2013) 122-131",,,0.577191621,450,,,,,3.4,77.34,3.72,1.01,17.93,0.173875097,,,33,63.6,,
143,"WC 450-Zheng, W., B.K. Sharma and N. Rajagopalan. 2010. Using Biochar as a Soil Amendment for Sustainable Agriculture.  University of Illinois at Urbana-Champaign, Illinois Sustainable Technology Center.",,12.96,0.454855196,450,,,,1.69,10.23,70.44,2.67,1.11,13.86,0.147572402,,,,,,
144,"WSP 450-Crombie, K et al., GCB Bioenergy (2014).",,,,450,,,,,17.6,,,,,,,,,,,
145,"PC 450, 100-Crombie, K et al., GCB Bioenergy (2014).",,,,450,,,,,3.4,,,,,,,,,,,
146,"PC 450-Crombie, K et al., GCB Bioenergy (2014).",,,,450,,,,,2.9,,,,,,,,,,,
147,R1000/F450,1.39,1.91,0.0465,450,1390,30,,,,,,,,,,,,,,
148,R650/F450,1.37,6.32,0.0455,450,1370,30,,,,,,,,,,,,,,
149,R200/F450,1.37,1.34,0.0434,450,1370,30,,,,,,,,,,,,,,
150,S Grass 450,1.457754011,15.38461538,0.48,450,1457.754011,240,30.4,3.1,6.5,72.8,2.9,0.6,17.2,0.18,,,,,,
151,"Pine 450-Enders et al., Bioresource Technology 114 (2012) 644-653.",,,0.462111801,450,,,,,1.5,80.5,3.1,0.1,14.8,0.137888199,,,48.8,49.7,,
152,R30/F450,1.36,1.47,,450,1360,30,,,,,,,,,,,,,,
153,"PoF-Ojeda, Gerardo, et al. Geoderma 249-250 (2015) 1-11.",,,,450,,,,,,,,,,,,,,,,9
154,"Pine 450 -Nelissen, V et al., Agronomy 4 (2014) 52-73.",,,0.387096774,450,,,,2.6,0.9,86.8,2.8,0.19,9.31,0.080443548,,,12.1,87,,6.7
155,RG450,,,,450,,120,,,2.3,66.7,,,,,84,1.5,,,,
156,RS450,,,,450,,,,,19.2,57.9,,,,,74,0.9,,,,
157,"YP 450-Hwang, H et al., Journal of Analytical and Applied Pyrolysis (2014).",,,0.579088472,450,,,,,,74.6,3.6,0.5,21.3,0.214142091,,,,,,
158,PB450,,,0.44,450,,30,49.3,,7.9,75.2,2.74,,24.7,0.25,,,29.3,62.8,,
159,"PiF-Ojeda, Gerardo, et al. Geoderma 249-250 (2015) 1-11.",,,,450,,,,,,,,,,,,,,,,8.4
160,"WC 450-Prendergast-Miller, M. T et al., European Journal of Soil Science 65, 1 (2014) 173-185.",,,,450,,,,,,82.86,,0.91,,,,,,,,9.42
161,"Willow 450 -Nelissen, V et al., Agronomy 4 (2014) 52-73. ",,,0.310714286,450,,,,3.2,4.3,78.4,2.03,0.82,14.45,0.138233418,,,11.2,84.5,,7.3
162,CW450,,,,450,,,,,0.5,70.9,,,,,77,0.9,,,,
163,SG450,,,0.54,450,,30,33.2,,2.1,81.6,3.66,,11.3,0.1,,,24,73.9,,
164,"PW 450-Alburquerque, J.A., et al. Journal of Cleaner Production 120 (2016) 191-197.",,288,,450,,,,3.58,1.7,,,0.3633,,,,,19.13,79.17,,7.5
165,"RW 450-Ghani, W. A. W. A. K. et al., Industrial Crops and Products 44 (2013) 18-24.",,,0.466585662,450,,,,,14.5,82.3,3.2,0.4,14,0.127582017,,,,,,
166,"Pine 450 60 min Residence Time-Ronsse et al., GCB Bioenergy 5 (2013) 104-115",,23,0.486674392,450,,,,,1.2,86.3,3.5,,,,,,16.8,82,,6.7
167,"Chestnut wood charf1-Hammes et al., Applied Geochem. 23 (2008) 2113-2122",,2,0.700293255,450,,,,,0.05,68.2,3.98,0.16,27.1,0.298020528,,,,,,
169,CH450,,,0.71,450,,30,37.7,,12.9,61.3,3.65,,19,0.23,,,26.2,60.9,,
170,"Pine 450 10 min Residence Time-Ronsse et al., GCB Bioenergy 5 (2013) 104-115",,4,0.552727273,450,,,,,1,82.5,3.8,,,,,,21.4,77.6,,6.6
171,P450,,,,450,,60,,,11.6,57.7,,,,,79,1.1,,,,
172,"Pine woodchips2-Spokas and Reicosky, Annal. Environ. Sci. (2009) 3 179-193",,0.19,0.505617978,465,,,,,9.3,71.2,3,0.2,11.4,0.12008427,,,,,,
173,"Pine woodchips1-Spokas and Reicosky, Annal. Environ. Sci. (2009) 3 179-193",,0.1,0.515436242,465,,,,,5.6,74.5,3.2,0.3,8.9,0.089597315,,,,,,
174,"Wood Mixture 480-Nelissen, V et al., Biology and Biochemistry 70 (2014) 244-255.",,,0.264317181,480,,,,,8.3,68.1,1.5,0.4,,,,,12,79.7,,8.6
175,"MH 480-Bruun, E. W et al., Soil Use and Management 30, 1 (2014) 109-118.",,,,480,,,,,13.1,75.9,,,,,,,,,,9.1
176,"PPPR 480-Marks, E. N et al., Plant and Soil (2014) 1-19.",,,0.568561873,480,,,,,,71.76,3.4,0.19,22,0.22993311,,,,,,8.04
180,"Pine Chips2-Gaskin et al., ASABE 51, 6 (2008) 2061-2069",,,,500,,,,,,81.7,,0.223,,,,,,,,8.3
181,"WC 500-Kearns, J. P et al.,Water Research 62 (2014) 20-28.",,344,0.466981132,500,,,,,3,84.8,3.3,0.31,8.6,0.076061321,,,,,,
182,"AT 500-Jindo, K et al., Biogeosciences Discussions 11, 8 (2014) 11727-11746.",,58.6,0.401921132,500,,,,,,79.12,2.65,0.34,11.98,0.113561678,,,18.27,,,9.64
183,"OT 500-Jindo, K et al., Biogeosciences Discussions 11, 8 (2014) 11727-11746.",,103.17,0.388294444,500,,,,,,77.57,2.51,0.51,17.73,0.171425809,,,19.42,,,8.1
184,"PW 500-Li, J et al., Plant and Soil 370, 1-2 (2013) 333-344.",,30.5,0.188456376,500,,,,,8.05,74.5,1.17,1.13,6.56,0.066040268,,,,,,
185,"WB 500-Lee, Y et al., Bioresource Technology 148 (2013) 196-201.",,13.6,0.4427157,500,,,,0.36,12.84,84.84,3.13,1.83,10.2,0.090169731,,,18.14,69.02,,9.6
186,"WS 500-Lee, Y et al., Bioresource Technology 148 (2013) 196-201.",,316,0.345314075,500,,,,1.46,2.28,89.31,2.57,0.78,7.34,0.061639234,,,12.79,84.93,,9.5
187,"PP 500-Kim et al., Bioresource Technology 118 (2012) 158-162",,175.4,0.331491713,500,,,,,7.7,90.5,2.5,0.3,6.7,0.055524862,,,,,,
188,"Sawdust 500-Zhao, L et al., Chemical Engineering Journal 250 (2014) 240-247.",,203,1.271240106,500,,,,,,75.8,8.03,0.296,8.42,0.083311346,,,,,,
189,"HW 500-Weyers, S. L et al., Solid Earth Discuss., 6 (2014) 599-617.",,,,500,,,,,,63.8,,0.2,,,,,26.1,,,
190,"Pine 500-Huff, M. D et al., Journal of Environmental Management 146 (2014) 303-308.",,,0.395192308,500,,,,,2.37,83.2,2.74,,4.05,0.036508413,,,11.67,85.96,,
191,"YP 500-Hwang, H et al., Journal of Analytical and Applied Pyrolysis (2014).",,,0.50928382,500,,,,,,75.4,3.2,0.5,20.9,0.207891247,,,,,,
192,"HW 500-Schomberg et al., joenq 41 (2012) 1087-1095",,1.28,0.574647887,500,,,,,8.6,71,3.4,0.3,16.3,0.172183099,,,33.7,57.7,,5.7
193,"HWM 500-Rutigliano, F. A et al., European Journal of Soil Biology 60 (2014) 9-15.",,,,500,,,,,,84,,1.2,,,,,,,,7.2
194,"BW 500-Prommer, J et al., PLoS ONE 9, 1 (2014).",,,0.239103362,500,,,,,15.2,80.3,1.6,0.4,9.88,0.092278954,,,11.1,73.7,,
195,"FC 500-Fang, Q et al., Environmental Science & Technology 48, 1 (2013) 279-288.",,224.4,0.370778443,500,,,,,3.33,83.5,2.58,0.49,13.41,0.120449102,,,,,,10
196,"Hardwood sawdust 500-Spokas,  Carbon Manage. 1 (2010) 289-303.",,10,0.537313433,500,,,,,15,67,3,0.3,13,0.145522388,,,29,56,,
197,"HW 500-Spokas, K et al., Environmental Science & Technology Letters 1 (2014) 326-332.",,,,500,,,,,,86.4,,,20.4,0.177083333,,,,,,
199,"Mixed Softwood-Enders et al., Bioresource Technology 114 (2012) 644-653.  ",,,,500,,,,,5.6,,,,,,,,45.5,48.9,,
200,"Mixed Woodships-Enders et al., Bioresource Technology 114 (2012) 644-653.",,,,500,,,,,10.9,85.9,,0.4,,,,,26.9,62.2,,7.9
201,"SPS500-Ozbay, G., et al. ResearchGate (2015) 181-185.",,,0.405241935,500,,,,,,79.36,2.68,0.13,17.83,0.168504284,,,,,,
202,"PiS-Ojeda, Gerardo, et al. Geoderma 249-250 (2015) 1-11.",,,,500,,,,,,,,,,,,,,,,7.1
203,"PS 500-Tammeorg, P et al., Plant and Soil 374, 1-2 (2014) 89-107.",,34.1,,500,,,,,10.41,87.8,,0.62,,,,,26.82,62.77,,10.8
204,"Mixed Hardwood -Enders et al., Bioresource Technology 114 (2012) 644-653.",,,,500,,,,,4.3,,,,,,,,56.8,38.9,,
205,"PoS-Ojeda, Gerardo, et al. Geoderma 249-250 (2015) 1-11.",,,,500,,,,,,,,,,,,,,,,8.3
206,"Pine 2-Enders et al., Bioresource Technology 114 (2012) 644-653.",,,,500,,,,,,,,,,,,,,,,
207,"Pine 500-Enders et al., Bioresource Technology 114 (2012) 644-653.",,,0.417266187,500,,,,,1,83.4,2.9,0.1,12.6,0.113309353,,,37,62,,5.6
208,"Oak 500-Enders et al., Bioresource Technology 114 (2012) 644-653.",,,0.365767878,500,,,,,3.7,85.3,2.6,0.2,9.6,0.084407972,,,30.7,65.6,,5.8
209,"DPBC500-Usman, A.R.A., et al. Journal of Analytical and Applied Pyrolysis 115 (2015) 392-400.",,,0.350207469,500,,,,2.96,19.68,72.3,2.11,0.42,4.5,0.046680498,,,9.31,71.01,,9.59
212,"Ponderosa pine shavings5-Keiluweit et al., Env Sci & Technol 44, 4 (2010) 1247-1253",,196,0.518681319,500,,,,,2.1,81.9,3.54,0.08,14.5,0.132783883,,,25.2,72.7,,
213,WI-550,,149,0.530973451,500,,,28.8,,7.5,79.1,3.5,1.7,8.2,0.077749684,,,,,,8.6
214,"PC 500-Ameloot, N et al., GCB Bioenergy (2013).",,22.77,0.455268633,500,,,,,1.11,81.71,3.1,0.22,8.76,0.080406315,,,19,79.89,,
215,W500,,196,0.52,500,,60,28.4,,2.1,81.9,3.54,0.08,14.5,0.13,,,25.2,72.7,,
216,Pinus halepensis 500-Cordero et al. Fuels 80 (2001) 1567-1571.,,,0.4400978,500,,,,,1.7,81.8,3,0.2,13.4,0.122860636,,,20.2,78.1,,
217,Quercus rotundifolia 500-Cordero et al. Fuels 80 (2001) 1567-1571.,,,0.361445783,500,,,,,2.8,83,2.5,0.6,11.2,0.101204819,,,17.5,79.7,,
218,1,,,,500,1465,15,35.4,4.5,0.33,,,,,,,,21.7,78,,
219,2,,,,500,1455,15,34.8,3.2,0.44,,,,,,,,21.3,78.3,,
220,3,,,,500,1453,15,34,2.5,0.32,,,,,,,,18.8,80.9,,
221,4,,,,500,1476,15,31.7,1.7,0.98,,,,,,,,12.5,86.5,,
222,"HW 500-Ameloot, N et al., Soil Biology and Biochemistry 78 (2014) 195-203.",,,,500,,,,,,81,,0.37,,,,,,,,
223,5,,,,500,1446,15,33,1.8,0.56,,,,,,,,13.7,85.7,,
224,6,,,,500,1461,15,32.7,1.3,0.56,,,,,,,,12.3,87.1,,
225,Pine Wood,1.4281,,0.52,500,1428.1,60,,,,,,,,0.13,90,1.1,,,,
226,G500,,50,0.48,500,,60,31.4,,15.4,82.2,3.32,1.09,13.4,0.12,,,20.3,64.3,,
227,7,,,,500,1456,15,33,2.7,0.35,,,,,,,,16.1,83.6,,
228,8,,,,500,1404,15,33,1.3,0.14,,,,,,,,16.6,83.3,,
229,Chestnut Wood,1.4763,,0.36,500,1476.3,300,,,,,,,,0.08,93,2,,,,
231,9,,,,500,1443,15,32.9,1.7,0.33,,,,,,,,14.7,85,,
232,solar500,1.372,250,0.2,500,1372,,,4.2,3,90.3,1.8,0.2,7.9,0.065614618,,,24.8,68.1,67.86,
233,S500N2R,,221,0.428571429,500,,,22.5,,,84,3,,9.4,0.083928571,,,,,,
234,"SW 500-Borchard, N ET al., Soil and Tillage Research 144 (2014) 184-194.",,,0.587169811,500,,,,,,79.5,3.89,0.2,13.3,0.125471698,,,,,,4.2
235,12,,,,500,1470,15,32.6,1.8,0.39,,,,,,,,13.1,86.5,,
236,"Cellulose2-Argudo et al., Carbon 36, 7-8 (1998) 1027-1031",,292,0.433242507,500,,,,,0,88.08,3.18,0.08,8.66,0.073739782,,,,,,
237,"Brachystegia sp. 350-Alling, V et al., Journal of Plant Nutrition and Soil Science 177, 5 (2014) 671-680.",,,,500,,,,,,,1.99,0.77,,,,,,,,7.9
238,"Wood 500-Anjum, R et al., Ecotoxicology and Environmental Safety 107 (2014) 306-312.",,,,500,,,,,4.2,,,,,,,,,,,8
239,"oak 500-Cheah, S et al., Environmental Science & Technology 48, 15 (2014) 8474-8480.",,,0.409257004,500,,,,,4.5,82.1,2.8,0.3,,,,,23.6,71.9,,
240,"HW 500-Chen, C.-P et al., Geoderma 232-234 (2014) 581-588.",,,,500,,,,,25,,0.8,3.4,11.3,,,,,,,10.7
241,"PW 510-Marks, E. N et al., Plant and Soil (2014) 1-19.",,,0.536725482,510,,,,,,73.11,3.27,0.35,18.8,0.192860074,,,,,,8.14
242,"Wood feedstock (510)-Mukome et al., J. Agric. Food Chem. 61, 9 (2013) 2196-2204",,165.8,0.268891538,510,,,,,3,83.9,1.88,0.36,19.82,0.177175209,,,,,,7.3
243,"CE-WP1-Yargicoglu, E.N. et al. Waste Management 36 (2015) 256-68.",,0.38,0.644978784,520,,,,1.38,4.6,70.7,3.8,0.3,,,,,,,,6.24
244,"Charcoal Green-Mukome et al., J. Agric. Food Chem. 61, 9 (2013) 2196-2204",,164.1,0.295532646,520,,,,,5,87.3,2.15,0.59,7.4,0.063573883,,,,,,9.2
245,"CE-AWP-Yargicoglu, E.N. et al. Waste Management 36 (2015) 256-68.",,,0.276568502,520,,,,1.98,4.3,78.1,1.8,0.4,,,,,,,,7.64
247,"CE-WP2-Yargicoglu, E.N. et al. Waste Management 36 (2015) 256-68.",,0.1,0.616216216,520,,,,2.15,1.5,74,3.8,0.3,,,,,,,,6.78
248,R200/F525,1.4,310,0.0334,525,1400,30,,,,,,,,,,,,,,
249,R650/F525,1.41,250,0.0348,525,1410,30,,,,,,,,,,,,,,
250,R30/F525,1.4,310,,525,1400,30,,,,,,,,,,,,,,
251,"Bubinga 525-Zimmerman, Environ. Sci. Technol. 44 (2010) 1295-1301",,500.9,,525,,,,,1.2,,,,11.4,,,,35,63.8,,
252,"Loblolly Pine 525-Zimmerman, Environ. Sci. Technol. 44 (2010) 1295-1301",,206.1,,525,,,,,1.2,,,,14,,,,25.7,73.1,,
253,"Laurel Oak 525-Zimmerman, Environ. Sci. Technol. 44 (2010) 1295-1301",,38.2,,525,,,,,6.8,,,,21.7,,,,36.4,56.8,,
254,"Eastern Red Cedar 525-Zimmerman, Environ. Sci. Technol. 44 (2010) 1295-1301",,386.5,,525,,,,,1.3,,,,11.3,,,,39.1,59.6,,
255,R1000/F525,1.42,210,0.0364,525,1420,30,,,,,,,,,,,,,,
256,"Hardwood char 538-Spokas,  Carbon Manage. 1 (2010) 289-303.",,7,0.296774194,538,,,,,27,93,2.3,0.7,2,0.016129032,,,,,,
258,"HW 538-Weyers, S. L et al., Solid Earth Discuss., 6 (2014) 599-617.",,,,538,,,,,,88.3,,0.3,,,,,32.5,,,
259,"HW 540-Cabrera, A et al., Science of The Total Environment 470‚Äì471 (2014) 438-443.",,,,540,,,,,,73.3,,0.3,,,,,,,,6.6
260,"POH-Yang, F., et al. Chinese Journal of Geochemistry 34(4) (2015) 592-600.",,,0.684283727,550,,,,,4,71.9,4.1,0.6,19.3,0.20132128,,,,,,8
261,"Willow 550-Nelissen, V et al., Agronomy 4 (2014) 52-73.",,,0.271147161,550,,,,3.2,3.2,86.3,1.95,0.85,7.7,0.066917729,,,6.7,90.1,,7.5
262,"PW 550-Alburquerque, J.A., et al. Journal of Cleaner Production 120 (2016) 191-197.",,399,,550,,,,4.27,2.48,,,0.4207,,,,,13.17,84.35,,8.2
263,"POSA-Yang, F., et al. Chinese Journal of Geochemistry 34(4) (2015) 592-600.",,,0.87327478,550,,,,,3.6,79.7,5.8,1,9.7,0.091279799,,,,,,8.9
264,"POA-Yang, F., et al. Chinese Journal of Geochemistry 34(4) (2015) 592-600.",,,0.655834564,550,,,,,13.2,67.7,3.7,1.5,13.6,0.150664697,,,,,,9
265,S Grass 550,1.610160428,97.2027972,0.31,550,1610.160428,240,28.3,0,6.6,81.8,2.1,0.5,9,0.08,,,,,,
266,"RPSA-Yang, F., et al. Chinese Journal of Geochemistry 34(4) (2015) 592-600.",,,0.46993007,550,,,,,7.7,71.5,2.8,1.5,16.4,0.172027972,,,,,,9.8
267,"RPA-Yang, F., et al. Chinese Journal of Geochemistry 34(4) (2015) 592-600.",,,0.693823916,550,,,,,4.6,76.1,4.4,2,12.7,0.125164258,,,,,,8.5
268,"YP 550-Hwang, H et al., Journal of Analytical and Applied Pyrolysis (2014).",,,0.448318804,550,,,,,,80.3,3,0.5,16.2,0.151307597,,,,,,
269,S Wood 550,1.517112299,74.12587413,0.36,550,1517.112299,240,34.2,2.9,6.1,79.8,2.4,1.3,10.4,0.1,,,,,,
270,"PPPR 550-Marks, E. N et al., Plant and Soil (2014) 1-19.",,,0.274055182,550,,,,,,86.26,1.97,0.12,9.1,0.079121261,,,,,,7.29
271,"PW 550-Marks, E. N et al., Plant and Soil (2014) 1-19.",,,0.306401875,550,,,,,,81.07,2.07,0.48,12.3,0.113790551,,,,,,8.21
272,"Mixed woodchip 550-Spokas,  Carbon Manage. 1 (2010) 289-303.",,66,0.573839662,550,,,,,4.8,71.1,3.4,0.11,20.6,0.217299578,,,33.6,61.6,,
273,"EC 550-Madari, B. E et al., Functions of Natural Organic Matter in Changing Environment (2013) 1003-1006.",,,,550,,,,,,77,,0.3,,,,,,,,
274,"Eucalyptus saligna wood2-Singh et al., Australian J. Soil Research 48 (2010) 516-525",,,,550,,,,,4.4,79.2,,0.23,,,,,,,,9.5
275,"RPH-Yang, F., et al. Chinese Journal of Geochemistry 34(4) (2015) 592-600.",,,0.629213483,550,,,,,7.1,80.1,4.2,1.6,6.9,0.064606742,,,,,,10.6
276,"Eucalyptus saligna wood4-Singh et al., Australian J. Soil Research 48 (2010) 516-525",,,,550,,,,,4.4,83.6,,0.26,,,,,,,,8.8
277,"PW 550-Alburquerque, J. A et al., Environmental Pollution 196 (2015) 72-77.",,399,,550,,,,,2.48,,,0.42,,,,,13.17,84.35,,8.24
278,"Pine 550 -Nelissen, V et al., Agronomy 4 (2014) 52-73.",,,0.279039301,550,,,,3.3,1,91.6,2.13,0.19,5.08,0.041593886,,,7.3,91.7,,6.8
279,Pinus halepensis 550-Cordero et al. Fuels 80 (2001) 1567-1571.,,,0.348432056,550,,,,,1.7,86.1,2.5,0.2,9.6,0.083623693,,,18.1,80.2,,
280,Quercus rotundifolia 550-Cordero et al. Fuels 80 (2001) 1567-1571.,,,0.33065442,550,,,,,3.1,87.1,2.4,0.5,6.9,0.059414466,,,14.7,82.2,,
281,"PC 550-Calvelo Pereira, R et al., Animal Feed Science and Technology 196 (2014) 22-31.",,235,,550,,,,,7.5,77.7,,0.61,,,,,,,,9.8
282,"Pine 550-5-Crombie et al., GCB Bioenergy 5 (2013) 122-131",,,0.209496275,550,,,,,4.2,89.93,1.57,0,8.5,0.070888469,,,22,73.8,,
283,PO-550,,55,0.569920844,550,,,26.9,,6.5,75.8,3.6,1.1,13,0.128627968,,,,,,8.8
284,"ES 550-Fang, Y et al., Agriculture, Ecosystems & Environment 191 (2014) 158-167.",,,,550,,,,,7,,,,,,,,,,,9.96
285,"Pine 550-Enders et al., Bioresource Technology 114 (2012) 644-653.",,,0.373271889,550,,,,,0.8,86.8,2.7,0.1,11.2,0.096774194,,,40.2,59,,
286,"EW 550-Fang, Y et al., European Journal of Soil Science 65, 1 (2014) 60-71.",,228.3,,550,,,,,,73.19,,0.62,,,,,,,,9.96
287,SWP550,,56.8,0.42,550,1450,,,,1.5,,,,,0.09,81,,,,,
288,PI-550,,368,0.495867769,550,,,28.4,,4.1,84.7,3.5,6,7.1,0.062868949,,,,,,7.9
289,"HW 550-Borchard, N ET al., Soil and Tillage Research 144 (2014) 184-194.",,85,0.360685714,550,,,,,,87.5,2.63,0.32,9.55,0.081857143,,,,,,8.4
290,"SW 550-Buss, W et al., Journal of Environmental Management 137 (2014) 111-119.",,,,550,,,,1.71,1.67,85.05,,,,,,,14.95,83.38,,7.12
291,"Oak 550-Enders et al., Bioresource Technology 114 (2012) 644-653.",,,0.327645051,550,,,,,0.6,87.9,2.4,0.2,9,0.076791809,,,38.5,60.9,,
292,"SBH-Yang, F., et al. Chinese Journal of Geochemistry 34(4) (2015) 592-600.",,,0.761658031,550,,,,,6.4,77.2,4.9,0.7,10.7,0.103950777,,,,,,9
293,"PC 550, 100-Crombie, K et al., GCB Bioenergy (2014).",,,,550,,,,,0.7,,,,,,,,,,,
294,"RW 550-Ghani, W. A. W. A. K. et al., Industrial Crops and Products 44 (2013) 18-24.",,,0.331125828,550,,,,,16.3,90.6,2.5,0.3,6.6,0.054635762,,,,,,
295,"SBSA-Yang, F., et al. Chinese Journal of Geochemistry 34(4) (2015) 592-600.",,,0.4,550,,,,,9.2,66,2.2,0.4,22.1,0.251136364,,,,,,8
296,"Eucalyptus 550-Fungo, B et al., Journal of Plant Nutrition and Soil Science 177 (2014) 34-38.",,,0.341826923,550,,,,,3.5,83.2,2.37,0.19,10.8,0.097355769,,,12.2,84.3,,9.5
297,"SBA-Yang, F., et al. Chinese Journal of Geochemistry 34(4) (2015) 592-600.",,,0.663900415,550,,,,,10,72.3,4,1.7,11.7,0.121369295,,,,,,9.6
298,"Pine 550-100-Crombie et al., GCB Bioenergy 5 (2013) 122-131",,,0.43148688,550,,,,,0.7,82.32,2.96,0.84,13.88,0.126457726,,,21.6,77.7,,
299,"OM 550-Farrell, M et al., Soil Biology and Biochemistry 80 (2015) 79-88.",,,,550,,,,,,67,,0.54,,,,,,,,7.51
300,"PC 550-Crombie, K et al., GCB Bioenergy (2014).",,,,550,,,,,4.2,,,,,,,,,,,
301,"MP 550-Bastos, A. C et al., Ecotoxicology 23, 9 (2014) 1784-1793.",,,,550,,,,,,,,,,,,,,,,9.5
302,"MHW 575-Rogovska, N et al., Geoderma 230-231 (2014) 340-347.",,,0.270284105,575,,,,0.74,7.66,78.14,1.76,0.64,5.11,0.049046583,,,13.46,78.88,,
303,"Ponderosa pine shavings6-Keiluweit et al., Env Sci & Technol 44, 4 (2010) 1247-1253",,392,0.403146067,600,,,,,3.7,89,2.99,0.06,8,0.06741573,,,11.1,85.2,,
304,W600,,392,0.4,600,,60,23.9,,3.7,89,2.99,0.06,8,0.07,,,11.1,85.2,,
305,"Pine 600 60 min Residence Time-Ronsse et al., GCB Bioenergy 5 (2013) 104-115",,127,0.299024919,600,,,,,1.3,92.3,2.3,,,,,,6.4,92.3,,9.1
306,"Pine 600 10 min Residence Time-Ronsse et al., GCB Bioenergy 5 (2013) 104-115",,196,0.346666667,600,,,,,1.2,90,2.6,,,,,,8.2,90.6,,6.7
307,G600,,75,0.33,600,,60,29.8,,18.9,89,2.47,0.99,7.6,0.06,,,13.5,67.6,,
308,R200/F600,1.45,370,0.0281,600,1450,30,,,,,,,,,,,,,,
309,tintner600,1.500662252,87.79907446,0.271635392,600,1500.662252,240,,,,91.55688623,2.072507553,,,,,,,,,
310,"OW 600-Demisie, W et al., CATENA 121 (2014) 214-221.",,154.6,,600,,,,,11.94,,1.12,0.64,10.49,,,,,,,10.25
311,13,,,,600,1612,15,29.9,1,0.55,,,,,,,,2.3,97.2,,
312,"Eucalyptus 600-Lu, H et al., PLoS ONE 4 (2014).",,334.56,,600,,,,,1.74,81.03,,1.07,,,,,2.19,96.07,,10.4
313,tintner600,1.528476821,71.61342455,0.243833961,600,1528.476821,240,,,,87.4251497,1.776435045,,,,,,,,,
314,"New Earth Pine-Mukome et al., J. Agric. Food Chem. 61, 9 (2013) 2196-2204",,4.97,0.485393258,600,,,,,17,71.2,2.88,0.91,11.61,0.122296348,,,,,,7.9
315,Pinus halepensis 600-Cordero et al. Fuels 80 (2001) 1567-1571.,,,0.302059497,600,,,,,1.7,87.4,2.2,0.3,8.5,0.072940503,,,13.4,84.9,,
316,Quercus rotundifolia 600-Cordero et al. Fuels 80 (2001) 1567-1571.,,,0.295302013,600,,,,,3.2,89.4,2.2,0.4,4.8,0.040268456,,,13.2,83.6,,
318,"Pine600-Hale, L., et al. Soil Biology and Biochemistry 81 (2015) 228-235.",,112.9,,600,,,,,,72.35,,0.21,,,,,,,,6.75
319,"Cellulose3-Argudo et al., Carbon 36, 7-8 (1998) 1027-1031",,322,0.373461012,600,,,,,0,87.72,2.73,0.08,9.47,0.080967852,,,,,,
322,"HW 600-Veksha, A et al., Bioresource Technology 171 (2014) 88-94.",,,0.323595506,600,,,,,2,89,2.4,0.7,,,,,,,,
323,"DPBC600-Usman, A.R.A., et al. Journal of Analytical and Applied Pyrolysis 115 (2015) 392-400.",,,0.286459048,600,,,,2.25,20.71,72.89,1.74,0.39,3.28,0.033749486,,,6.85,72.44,,9.57
324,S Grass 600,1.719251337,211.1888112,0.23,600,1719.251337,240,27.1,0,6.4,83.5,1.6,0.5,8,0.07,,,,,,
325,"SW 600-Troy, S et al., Water, Air, & Soil Pollution 225, 3 (2014) 1-15.",,,0.266341463,600,,,,,,82,1.82,0.42,,,,,,,,9.3
326,"Oak 600-Enders et al., Bioresource Technology 114 (2012) 644-653.",,,0.342465753,600,,,,,1.3,87.6,2.5,0.2,8.5,0.072773973,,,27.5,71.2,,6.4
327,"HW 600-Sun, Y et al., Chemical Engineering Journal 240 (2014) 574-578. ",,401,0.318298497,600,,,,,,81.81,2.17,0.73,14.03,0.128621195,,,,,,8.4
328,R1000/F600,1.45,330,0.0325,600,1450,30,,,,,,,,,,,,,,
329,S600N2R,,202,0.307692308,600,,,18.5,,,89.7,2.3,,5.3,0.044314381,,,,,,
330,"AT 600-Jindo, K et al., Biogeosciences Discussions 11, 8 (2014) 11727-11746.",,208.69,0.288730665,600,,,,,,81.46,1.96,0.46,13.63,0.125491039,,,11.07,,,10.04
331,Pine Wood,1.4846,,0.4,600,1484.6,60,,,,,,,,0.07,98,1.8,,,,
332,"WC 600-Kearns, J. P et al.,Water Research 62 (2014) 20-28.",,332,0.272138229,600,,,,,3,92.6,2.1,0.28,2.1,0.017008639,,,,,,
333,"Pine 600-Enders et al., Bioresource Technology 114 (2012) 644-653.",,,0.302963776,600,,,,,1.1,91.1,2.3,0.1,9.5,0.078210757,,,27.7,71.2,,6
334,"Oak 600-Cheah, S et al., Environmental Science & Technology 48, 15 (2014) 8474-8480.",,,0.369668246,600,,,,,4.6,84.4,2.6,0.4,,,,,19.1,76.3,,
335,"FC 600-Fang, Q et al., Environmental Science & Technology 48, 1 (2013) 279-288.",,438.6,0.25348253,600,,,,,3.33,87.58,1.85,0.42,10.12,0.086663622,,,,,,10
336,Chestnut Wood,1.6216,,0.24,600,1621.6,300,,,,,,,,0.03,93,3.4,,,,
337,R650/F600,1.47,370,0.0307,600,1470,30,,,,,,,,,,,,,,
338,S Wood 600,1.629411765,146.8531469,0.29,600,1629.411765,240,32.6,3,6.7,80.2,1.9,1.1,10.1,0.09,,,,,,
339,"OT 600-Jindo, K et al., Biogeosciences Discussions 11, 8 (2014) 11727-11746.",,288.58,0.283673972,600,,,,,,81.22,1.92,0.48,15.96,0.147377493,,,12.3,,,8.85
340,"SSP 600-Soinne, H et al., Geoderma 219‚Äì220 (2014) 162-167.",,11.8,,600,,,,,2.3,90.3,,,,,,,,,,
341,"WC 620-Cely, P et al., Solid Earth Discussions 6, 1 (2014) 849-868.",,332.138,,620,,,,,7.87,,,,,,,,14.88,77.25,,10.19
342,"DF 620 -Fulton, W et al., Agronamy for Sustainable Development 33, 3 (2013) 469-474.",,,,620,,,,,2.5,,,,,,,,,,,
343,"Laurel Oak 650-Zimmerman, Environ. Sci. Technol. 44 (2010) 1295-1301",,218.7,,650,,,,,3.7,,,,18.2,,,,20.7,75.6,,
344,"Eastern Red Cedar 650-Zimmerman, Environ. Sci. Technol. 44 (2010) 1295-1301",,490.1,,650,,,,,1,,,,11.4,,,,30.9,68.1,,
345,"Bubinga 650-Zimmerman, Environ. Sci. Technol. 44 (2010) 1295-1301",,548.9,,650,,,,,1.3,,,,13.8,,,,22.3,76.4,,
346,"Pine 650 -Nelissen, V et al., Agronomy 4 (2014) 52-73. ",,,0.217710583,650,,,,3.4,1.1,92.6,1.68,0.15,4.47,0.036204104,,,6,92.9,,7.7
347,"Willow 650-Nelissen, V et al., Agronomy 4 (2014) 52-73.",,,0.161320755,650,,,,5.3,4.9,84.8,1.14,1,8.16,0.072169811,,,6,89.1,,8.1
348,"Loblolly Pine 650-Zimmerman, Environ. Sci. Technol. 44 (2010) 1295-1301",,393.9,,650,,,,,1.1,,,,12.2,,,,25.2,73.7,,
349,"Pine 650-5-Crombie et al., GCB Bioenergy 5 (2013) 122-131",,,0.249867879,650,,,,,5.9,94.61,1.97,0,3.42,0.027111299,,,15.2,78.9,,
350,"PC 650-Crombie, K et al., GCB Bioenergy (2014).",,,,650,,,,,5.9,,,,,,,,,,,
351,"PW 650-Chintala et al., Clean Soil Air Water 42 (2014) 626-634",,52.1,,650,,,,,,83.3,,0.353,,,,,,,,5.82
352,"PWC 650-Chintala, R et al., Journal of Hazardous Materials 279 (2014) 244-256.",,48,0.27771011,650,,,,,14.5,82.1,1.9,0.42,1,0.009135201,,,,,,5.8
354,"PWRB-Chintala, R et al., Microporous and Mesoporous Materials 179 (2013) 250-257. ",,52.1,,650,,,,,,84.5,,0.48,,,,,12.5,,,7.85
355,"PI650-Harvey et al., Environ. Sci. Technol. 45,13 (2011) 5550-5556",,81.7,0.000429594,650,,,,,,83.8,0.003,0.26,,,,,,,,
356,"PC 650, 100-Crombie, K et al., GCB Bioenergy (2014).",,,,650,,,,,5,,,,,,,,,,,
357,"WP 650 40, 0.66-Crombie, K et al., GCB Bioenergy (2014).",,,0.247139588,650,,,,,1.2,87.4,1.8,0,9.6,0.082379863,,,9.7,89.1,,
358,"WP 650 20, 0.66-Crombie, K et al., GCB Bioenergy (2014).",,,0.247990815,650,,,,,1.8,87.1,1.8,0,9.3,0.080080367,,,9.1,89.1,,
359,"RW 650-Ghani, W. A. W. A. K. et al., Industrial Crops and Products 44 (2013) 18-24.",,,0.22173913,650,,,,,17.8,92,1.7,0.2,6.2,0.050543478,,,,,,
360,"WP 650 10, 0.66-Crombie, K et al., GCB Bioenergy (2014).",,,0.239467849,650,,,,,1.5,90.2,1.8,0,6.5,0.054046563,,,42.6,55.9,,
361,"WP 650 20, 0.33-Crombie, K et al., GCB Bioenergy (2014).",,,0.28668942,650,,,,,2.8,87.9,2.1,0.1,7.2,0.061433447,,,8.8,88.4,,
362,"HM650-Harvey et al., Environ. Sci. Technol. 45,13 (2011) 5550-5556",,107,0.297520661,650,,,,,,72.6,1.8,1.47,8.5,0.087809917,,,,,,
363,"WP 650 10, 0.33-Crombie, K et al., GCB Bioenergy (2014).",,,0.219827586,650,,,,,2.2,92.8,1.7,0,3.3,0.026670259,,,8.8,89,,
364,"WP 650 40, 0-Crombie, K et al., GCB Bioenergy (2014).",,,0.266666667,650,,,,,2,90,2,0.1,5.9,0.049166667,,,6.7,91.3,,
365,"WP 650 20, 0-Crombie, K et al., GCB Bioenergy (2014).",,,0.293986637,650,,,,,2.1,89.8,2.2,0.1,5.9,0.049276169,,,7.5,90.4,,
366,"Pine 650-100-Crombie et al., GCB Bioenergy 5 (2013) 122-131",,,0.320855615,650,,,,,5,87.89,2.35,1.47,8.29,0.070741836,,,13.4,81.6,,
367,"WP 650 10, 0-Crombie, K et al., GCB Bioenergy (2014).",,,0.292035398,650,,,,,1.4,90.4,2.2,0.1,5.9,0.048949115,,,8.1,90.5,,
368,"Oak 650-Mukherjee, A et al., Science of The Total Environment 487 (2014) 26-36.",,214,,650,,,,,4.3,90,,0.3,,,,,11,84.7,,9.4
370,"WP 650 40, 0.33-Crombie, K et al., GCB Bioenergy (2014).",,,0.239467849,650,,,,,1.5,90.2,1.8,0,6.4,0.053215078,,,9.1,89.4,,
371,"DPBC700-Usman, A.R.A., et al. Journal of Analytical and Applied Pyrolysis 115 (2015) 392-400.",,,0.186325252,700,,,,2.1,21.05,73.42,1.14,0.35,3.19,0.032586489,,,5.47,73.48,,11.5
372,14,,,,700,1892,15,28.9,0.49,0.47,,,,,,,,1.8,97.7,,
373,S700C02R,,348,0.200445434,700,,,17.8,,,89.8,1.5,0.3,3.8,0.031737194,,,,,,
374,solar700,1.595,575,0,700,1595,,,2.6,3.3,98.9,0.1,0.1,1,0.007583418,,,10.5,83.6,72.66,
375,S Grass 700,1.964705882,386.7132867,0.12,700,1964.705882,240,24,0,6.9,84.2,0.8,0.6,7.5,0.07,,,,,,
376,S700N2R,,308,0.212624585,700,,,17.9,,,90.3,1.6,0.3,3.4,0.028239203,,,,,,
377,SB0700N2R,,337,0.226918799,700,,,16.2,,,89.9,1.7,0.3,3.8,0.031701891,,,,,,
378,"AT 700-Jindo, K et al., Biogeosciences Discussions 11, 8 (2014) 11727-11746.",,418.66,0.176513494,700,,,,,,82.26,1.21,0.41,16.34,0.148978848,,,7.72,,,10.03
379,S700N2S,,395,0.234527687,700,,,23,,,92.1,1.8,0.4,3.5,0.028501629,,,,,,
381,"Cellulose4-Argudo et al., Carbon 36, 7-8 (1998) 1027-1031",,337,0.25259025,700,,,,,0,91.69,1.93,0.08,6.3,0.051532337,,,,,,
383,SB0700N2S,,387,0.209378408,700,,,29.3,,,91.7,1.6,0.4,3.4,0.02780807,,,,,,
384,B700N2R,,342,0.22616408,700,,,15,,,90.2,1.7,0.5,3.7,0.030764967,,,,,,
385,B700C02R,,335,0.212389381,700,,,15.1,,,90.4,1.6,0.5,3.6,0.029867257,,,,,,
386,B700N2S,,449,0.209378408,700,,,18.4,,,91.7,1.6,0.5,5.1,0.041712105,,,,,,
387,S Wood 700,1.73368984,314.6853147,0.15,700,1733.68984,240,29.9,4.3,5.4,84.3,1.1,0.7,8.5,0.08,,,,,,
388,"FC 700-Fang, Q et al., Environmental Science & Technology 48, 1 (2013) 279-288.",,485.6,0.137066069,700,,,,,4.42,89.3,1.02,0.3,9.36,0.078611422,,,,,,10
389,Eucalyptus saligna 700-Cordero et al. Fuels 80 (2001) 1567-1571.,,,0.207119741,700,,,,,1.9,92.7,1.6,0.4,3.3,0.026699029,,,6.6,91.5,,
390,SWP700,,170,0.26,700,1590,,,,1.6,,,,,0.04,,,,,,
392,"OT 700-Jindo, K et al., Biogeosciences Discussions 11, 8 (2014) 11727-11746.",,335.61,0.167267484,700,,,,,,83.22,1.16,0.31,14.97,0.134913482,,,8.28,,,9.54
394,"PC 700-Spokas, K et al., Environmental Science & Technology Letters 1 (2014) 326-332.",,,,700,,,,,,84.7,,,13.5,0.119539551,,,,,,
395,tintner700,1.679470199,94.14165741,0.126018783,700,1679.470199,240,,,,92.63473054,0.972809668,,,,,,,,,
396,tintner700,1.735099338,95.79636886,0.100375258,700,1735.099338,240,,,,91.01796407,0.761329305,,,,,,,,,
397,G700,,139,0.2,700,,60,28.8,,19.3,94.2,1.53,0.7,3.6,0.03,,,9.1,71.6,,
398,"Ponderosa pine shavings7-Keiluweit et al., Env Sci & Technol 44, 4 (2010) 1247-1253",,347,0.210617551,700,,,,,1.7,92.3,1.62,0.08,6,0.048754063,,,6.3,92,,
399,W700,,347,0.21,700,,60,22,,1.7,92.3,1.62,0.08,6,0.05,,,6.3,92,,
400,"PSD 700-Srinivasan, P et al., Science of The Total Environment 502 (2015) 471-480.",,795,0.172937294,700,,,,,1.58,90.9,1.31,0.11,6.1,0.050330033,,,,,,9.7
401,Pine Wood,1.6177,,0.21,700,1617.7,60,,,,,,,,0.05,100,4.3,,,,
402,"WC 700-Kearns, J. P et al.,Water Research 62 (2014) 20-28.",,389,0.169565217,700,,,,,4.5,92,1.3,0.27,1.9,0.01548913,,,,,,
403,S700C02S,,452,0.210065646,700,,,27.6,,,91.4,1.6,0.4,3.7,0.03036105,,,,,,
404,Chestnut Wood,1.7664,,0.14,700,1766.4,300,,,,,,,,0.03,97,5.7,,,,
406,"RW 750-Ghani, W. A. W. A. K. et al., Industrial Crops and Products 44 (2013) 18-24.",,,0.135662898,750,,,,,19.5,97.3,1.1,0,1.2,0.009249743,,,,,,
407,ES750,,,0.2,750,,30,28.2,,1.1,90.9,1.52,,5.6,0.05,,,6.5,92.4,,
408,"WP 750-Zheng, W., B.K. Sharma and N. Rajagopalan. 2010. Using Biochar as a Soil Amendment for Sustainable Agriculture.  University of Illinois at Urbana-Champaign, Illinois Sustainable Technology Center.",,105.3,0.166849616,750,,,,4.56,8.75,81.99,1.14,0.52,3.04,0.027808269,,,,,,
410,SG750,,,0.22,750,,30,26.9,,2.2,90.5,1.64,,4.3,0.04,,,7.7,90.1,,
411,PB750,,,0.16,750,,30,38.9,,14.5,86.3,1.16,,19.1,0.17,,,6,79.4,,
413,R650/F750,1.72,420,0.0173,750,1720,30,,,,,,,,,,,,,,
414,"PiG-Ojeda, Gerardo, et al. Geoderma 249-250 (2015) 1-11.",,,,750,,,,,,,,,,,,,,,,11.8
415,R200/F750,1.74,410,0.0164,750,1740,30,,,,,,,,,,,,,,
416,R30/F750,1.74,375,,750,1740,30,,,,,,,,,,,,,,
417,"Carbonized Pine-Enders et al., Bioresource Technology 114 (2012) 644-653.  ",,,,750,,,,,4,,,,,,,,18.7,77.3,,
418,"Pine 750 60 min Residence Time-Ronsse et al., GCB Bioenergy 5 (2013) 104-115",,,0.142702703,750,,,,,,92.5,1.1,,,,,,2.6,,,10.4
419,"Pine 750 10 min Residence Time-Ronsse et al., GCB Bioenergy 5 (2013) 104-115",,128,0.181621622,750,,,,,1.1,92.5,1.4,,,,,,2.6,96.3,,10.2
420,R1000/F750,1.76,400,0.0215,750,1760,30,,,,,,,,,,,,,,
421,"FC biochar-Butnan, S., et al. Geoderma 237-238 (2015) 105-116.",,,,800,,,,,3.85,81.5,,,,,,,14.65,81.5,,8.92
422,Chestnut Wood,1.8863,,0.08,800,1886.3,300,,,,,,,,0.02,100,7.6,,,,
423,"DPBC800-Usman, A.R.A., et al. Journal of Analytical and Applied Pyrolysis 115 (2015) 392-400.",,,0.138282192,800,,,,2.09,21.39,74.63,0.86,0.31,2.27,0.022812542,,,3.91,74.7,,11.49
424,tintner800,1.866225166,122.7365584,0.068092327,800,1866.225166,240,,,,93.17365269,0.528700906,,,,,,,,,
425,tintner800,1.818543046,119.2668452,0.059011052,800,1818.543046,240,,,,94.61077844,0.465256798,,,,,,,,,
426,"AT 800-Jindo, K et al., Biogeosciences Discussions 11, 8 (2014) 11727-11746.",,545.43,0.084865629,800,,,,,,84.84,0.6,0.34,5.81,0.051361386,,,6.82,,,10.02
427,"OT 800-Jindo, K et al., Biogeosciences Discussions 11, 8 (2014) 11727-11746.",,398.15,0.09993965,800,,,,,,82.85,0.69,0.32,17.29,0.156517803,,,7.87,,,9.68
428,"Aspidosperma australe 850-Spokas,  Carbon Manage. 1 (2010) 289-303.",,3,0.168103448,850,,,,,7.2,92.8,1.3,0.8,5.1,0.041217672,,,8.1,84.7,,
429,"Oak 850-Cheah, S et al., Environmental Science & Technology 48, 15 (2014) 8474-8480.",,,0.171651495,850,,,,0.3,,76.9,1.1,0.2,,,,,,,,
430,"Aspidosperma quebracho 'Blanco Schlecht' 850-Spokas,  Carbon Manage. 1 (2010) 289-303.",,2,0.110882957,850,,,,,4.3,97.4,0.9,1.2,0.5,0.003850103,,,14.6,81.1,,
431,RG850,,,,850,,60,,,7.2,79.7,,,,,83,8.1,,,,
433,R1000/F850,1.95,400,0.0116,850,1950,30,,,,,,,,,,,,,,
434,"RW 850-Ghani, W. A. W. A. K. et al., Industrial Crops and Products 44 (2013) 18-24.",,,0.167023555,850,,,,,20,93.4,1.3,0.1,0.5,0.004014989,,,,,,
436,"FW 900-Zhang, J et al., Journal of Environmental Sciences 26, 2 (2014) 390-397.",,,0.467532468,900,,,,,5.49,83.16,3.24,0.4,7.24,0.065295815,,,,,,
437,"PPPR 900-Marks, E. N et al., Plant and Soil (2014) 1-19.",,,0.089539631,900,,,,,,71.03,0.53,0.12,8.7,0.091862593,,,,,,11.42
438,Chestnut Wood,1.9601,,0.04,900,1960.1,300,,,,,,,,0.02,100,9.1,,,,
439,solar900,1.798,491,0,900,1798,,,1,3,99.1,0.2,0.1,0.6,0.004540868,,,5.4,90.6,74.14,
440,"Pine bark 950-Kastner, J. R et al., Fuel Processing Technology 130 (2015) 31-37.",,330,0.068027211,950,,,,,,88.2,0.5,1.05,,,,,,,,
441,"Beech sawdust 1000-Spokas,  Carbon Manage. 1 (2010) 289-303.",,,0.03164557,1000,,,,,,94.8,0.25,,1.03,0.008148734,,,1.3,,,
442,tintner1000,1.997350993,149.1840813,0,1000,1997.350993,240,,,,94.79041916,0,,,,,,,,,
443,tintner1000,1.977483444,131.2068934,0,1000,1977.483444,240,,,,95.68862275,0,,,,,,,,,
444,R30/F1000,1.97,3.52,,1000,1970,30,,,,,,,,,,,,,,
445,R350/F1000,2,75,0.0077,1000,2000,30,,,,,,,,,,,,,,
446,R500/F1000,2.01,160,0.0092,1000,2010,30,,,,,,,,,,,,,,
447,R650/F1000,2,275,0.0094,1000,2000,30,,,,,,,,,,,,,,
448,Chestnut Wood,1.9853,,0.03,1000,1985.3,300,,,,,,,,0.02,100,10.1,,,,
449,R750/F1000,2.01,336,0.0098,1000,2010,30,,,,,,,,,,,,,,
450,R1000/F1000,2.01,333,0.0107,1000,2010,30,,,,,,,,,,,,,,
451,R200/F1000,1.98,3.94,0.007,1000,1980,30,,,,,,,,,,,,,,
452,tintner1200,1.993377483,193.207327,0,1200,1993.377483,240,,,,97.1257485,0,,,,,,,,,
453,tintner1200,1.953642384,258.3531837,0,1200,1953.642384,240,,,,93.53293413,0,,,,,,,,,
454,tintner1300,2.013245033,226.5402738,0,1300,2013.245033,240,,,,94.79041916,0,,,,,,,,,
455,tintner1300,1.937748344,259.4262068,,1300,1937.748344,240,,,,,0,,,,,,,,,
456,"Willow B-Agegnehu, G., et al. Agriculture, Ecosystems and Environment 213 (2015) 72-85.",,,,,,,,,,47.5,,0.38,,,,,,,,8.3
457,"Wood1-Major et al., Plant Soil 333 (2010) 117-128",,,0.241152263,,,,,,4.6,72.9,1.465,0.76,18.9,0.194444444,,,,,,
458,"Oak-Mukome et al., J. Agric. Food Chem. 61, 9 (2013) 2196-2204",,153.1,0.347727273,,,,,,2.8,88,2.55,0.44,14.81,0.126221591,,,,,,9.5
459,"HW-Mukome et al., J. Agric. Food Chem. 61, 9 (2013) 2196-2204",,154.4,0.333021077,,,,,,5.5,85.4,2.37,0.55,8.85,0.077722482,,,,,,8.8
460,"Cottonwood-Mukome et al., J. Agric. Food Chem. 61, 9 (2013) 2196-2204",,300,0.238545455,,,,,,4.2,82.5,1.64,0.49,5.61,0.051,,,,,,9.5
461,"Woody Waste-Peterson, S. Journal of Elastomers and Plastics 45, 5 (2013) 487-497. ",,,0.446938776,,,,,,2.7,78.4,2.92,0.2,15.78,0.150956633,,,,,,
462,"Oak+Hickory1-Spokas and Reicosky, Annal. Environ. Sci. (2009) 3 179-193",,19.2,0.382054993,,,,,,14.1,69.1,2.2,0.7,9.3,0.100940666,,,,,,
463,"Wood Pellets 600-Spokas and Reicosky, Annal. Environ. Sci. (2009) 3 179-193",,24,0.573913043,,,,,,6,69,3.3,0.2,20,0.217391304,,,12,82,,
464,PW-350,,146,,,,,,,,70.5,,,23.15,0.246276596,,,,,71,8.2
465,PW-600,,500,,,,,,,,87.8,,,7.06,0.060307517,,,,,78,8.79
466,PB-350,,172,,,,,,,,66.07,,,23.67,0.268692296,,,,,64,7.88
467,PB-600,,424,,,,,,,,78.11,,,8.98,0.086224555,,,,,68,10.19
468,HP-350,,208,,,,,,,,69.91,,,20.86,0.223787727,,,,,69,10
469,HP-600,,417,,,,,,,,83.07,,,6.84,0.061755146,,,,,81,10.41
470,Pusceddu BC300,,,0.703448276,,,,,,0.47,58,3.4,2.5,35.7,0.461637931,,,,,,
471,Pusceddu BC400,,,0.48,,,,,,0.75,62.5,2.5,3.25,31.1,0.3732,,,,,,
472,Pusceddu BC500,,,0.28748068,,,,,,0.54,64.7,1.55,3.75,29.5,0.341962906,,,,,,
473,Pusceddu BC600,,,0.200992556,,,,,,0.33,80.6,1.35,4.05,13.7,0.12748139,,,,,,
474,Pusceddu BC650,,,0.111924439,,,,,,0.28,84.7,0.79,4.7,9.78,0.086599764,,,,,,
475,BE350,,2.72,0.07,,,,52.1,,,68.46,4.5,0.33,26.71,0.39,,,,,,
476,BE450,,4.9,0.06,,,,34.3,,,70.9,3.94,0.25,24.91,0.35,,,,,,
477,BE550,,9.21,0.05,,,,31,,,73.75,3.63,0.25,22.38,0.3,,,,,,